{
    "rmse": 0.7170781308723857,
    "mae": 0.5660032970708478,
    "r2": 0.23538877951608295
}